Df,Variance,F,Pr(>F)
3,34748.577720191,1.0931485205096145,0.001
17,180129.78418457322,NA,NA
