Df,Variance,F,Pr(>F)
3,24741.175284990994,1.1325279560803712,0.001
28,203895.7491101985,NA,NA
