Df,Variance,F,Pr(>F)
3,10144.115879642763,3.3977919347639136,0.001
226,224907.84533167296,NA,NA
