Df,Variance,F,Pr(>F)
3,29067.780981467546,1.067388979973703,0.001
18,163395.62161593806,NA,NA
