Df,Variance,F,Pr(>F)
3,23442.343670842158,1.1194480776875448,0.001
29,202429.5067079693,NA,NA
